-- MySQL dump 10.13  Distrib 8.0.30, for Win64 (x86_64)
--
-- Host: localhost    Database: exam
-- ------------------------------------------------------
-- Server version	8.0.30

/*!40101 SET @OLD_CHARACTER_SET_CLIENT=@@CHARACTER_SET_CLIENT */;
/*!40101 SET @OLD_CHARACTER_SET_RESULTS=@@CHARACTER_SET_RESULTS */;
/*!40101 SET @OLD_COLLATION_CONNECTION=@@COLLATION_CONNECTION */;
/*!50503 SET NAMES utf8 */;
/*!40103 SET @OLD_TIME_ZONE=@@TIME_ZONE */;
/*!40103 SET TIME_ZONE='+00:00' */;
/*!40014 SET @OLD_UNIQUE_CHECKS=@@UNIQUE_CHECKS, UNIQUE_CHECKS=0 */;
/*!40014 SET @OLD_FOREIGN_KEY_CHECKS=@@FOREIGN_KEY_CHECKS, FOREIGN_KEY_CHECKS=0 */;
/*!40101 SET @OLD_SQL_MODE=@@SQL_MODE, SQL_MODE='NO_AUTO_VALUE_ON_ZERO' */;
/*!40111 SET @OLD_SQL_NOTES=@@SQL_NOTES, SQL_NOTES=0 */;

--
-- Table structure for table `roles`
--

DROP TABLE IF EXISTS `roles`;
/*!40101 SET @saved_cs_client     = @@character_set_client */;
/*!50503 SET character_set_client = utf8mb4 */;
CREATE TABLE `roles` (
  `roleid` bigint NOT NULL,
  `role_name` varchar(255) DEFAULT NULL,
  PRIMARY KEY (`roleid`)
) ENGINE=InnoDB DEFAULT CHARSET=utf8mb4 COLLATE=utf8mb4_0900_ai_ci;
/*!40101 SET character_set_client = @saved_cs_client */;

--
-- Dumping data for table `roles`
--

LOCK TABLES `roles` WRITE;
/*!40000 ALTER TABLE `roles` DISABLE KEYS */;
INSERT INTO `roles` VALUES (44,'ADMIN'),(45,'NORMAL');
/*!40000 ALTER TABLE `roles` ENABLE KEYS */;
UNLOCK TABLES;

--
-- Table structure for table `user_role`
--

DROP TABLE IF EXISTS `user_role`;
/*!40101 SET @saved_cs_client     = @@character_set_client */;
/*!50503 SET character_set_client = utf8mb4 */;
CREATE TABLE `user_role` (
  `user_role_id` bigint NOT NULL,
  `role_roleid` bigint DEFAULT NULL,
  `user_id` bigint DEFAULT NULL,
  PRIMARY KEY (`user_role_id`),
  KEY `FKclbs49kns9bu0x62rmvkg67mr` (`role_roleid`),
  KEY `FKj345gk1bovqvfame88rcx7yyx` (`user_id`),
  CONSTRAINT `FKclbs49kns9bu0x62rmvkg67mr` FOREIGN KEY (`role_roleid`) REFERENCES `roles` (`roleid`),
  CONSTRAINT `FKj345gk1bovqvfame88rcx7yyx` FOREIGN KEY (`user_id`) REFERENCES `users` (`id`)
) ENGINE=InnoDB DEFAULT CHARSET=utf8mb4 COLLATE=utf8mb4_0900_ai_ci;
/*!40101 SET character_set_client = @saved_cs_client */;

--
-- Dumping data for table `user_role`
--

LOCK TABLES `user_role` WRITE;
/*!40000 ALTER TABLE `user_role` DISABLE KEYS */;
INSERT INTO `user_role` VALUES (1,44,1),(52,45,52),(102,45,102),(103,45,103),(104,45,104);
/*!40000 ALTER TABLE `user_role` ENABLE KEYS */;
UNLOCK TABLES;

--
-- Table structure for table `user_role_seq`
--

DROP TABLE IF EXISTS `user_role_seq`;
/*!40101 SET @saved_cs_client     = @@character_set_client */;
/*!50503 SET character_set_client = utf8mb4 */;
CREATE TABLE `user_role_seq` (
  `next_val` bigint DEFAULT NULL
) ENGINE=InnoDB DEFAULT CHARSET=utf8mb4 COLLATE=utf8mb4_0900_ai_ci;
/*!40101 SET character_set_client = @saved_cs_client */;

--
-- Dumping data for table `user_role_seq`
--

LOCK TABLES `user_role_seq` WRITE;
/*!40000 ALTER TABLE `user_role_seq` DISABLE KEYS */;
INSERT INTO `user_role_seq` VALUES (201);
/*!40000 ALTER TABLE `user_role_seq` ENABLE KEYS */;
UNLOCK TABLES;

--
-- Table structure for table `users`
--

DROP TABLE IF EXISTS `users`;
/*!40101 SET @saved_cs_client     = @@character_set_client */;
/*!50503 SET character_set_client = utf8mb4 */;
CREATE TABLE `users` (
  `id` bigint NOT NULL,
  `email` varchar(255) DEFAULT NULL,
  `enabled` bit(1) NOT NULL,
  `first_name` varchar(255) DEFAULT NULL,
  `last_name` varchar(255) DEFAULT NULL,
  `password` varchar(255) DEFAULT NULL,
  `phone` varchar(255) DEFAULT NULL,
  `username` varchar(255) DEFAULT NULL,
  `profile` varchar(255) DEFAULT NULL,
  PRIMARY KEY (`id`)
) ENGINE=InnoDB DEFAULT CHARSET=utf8mb4 COLLATE=utf8mb4_0900_ai_ci;
/*!40101 SET character_set_client = @saved_cs_client */;

--
-- Dumping data for table `users`
--

LOCK TABLES `users` WRITE;
/*!40000 ALTER TABLE `users` DISABLE KEYS */;
INSERT INTO `users` VALUES (1,'123@gmail.com',_binary '','Adhiraj','Deshmukh','123',NULL,'Adhiraj69','default.png'),(52,'zdcz',_binary '',NULL,NULL,'sc','546846','JGJH',NULL),(102,'aefa',_binary '',NULL,NULL,'sfcsce','468546','JGJr','default.png'),(103,'shu@gmail.com',_binary '',NULL,NULL,'123','84684','shubham21','default.png'),(104,'hiuhih',_binary '',NULL,NULL,'jljlk','46464','hello','default.png');
/*!40000 ALTER TABLE `users` ENABLE KEYS */;
UNLOCK TABLES;

--
-- Table structure for table `users_seq`
--

DROP TABLE IF EXISTS `users_seq`;
/*!40101 SET @saved_cs_client     = @@character_set_client */;
/*!50503 SET character_set_client = utf8mb4 */;
CREATE TABLE `users_seq` (
  `next_val` bigint DEFAULT NULL
) ENGINE=InnoDB DEFAULT CHARSET=utf8mb4 COLLATE=utf8mb4_0900_ai_ci;
/*!40101 SET character_set_client = @saved_cs_client */;

--
-- Dumping data for table `users_seq`
--

LOCK TABLES `users_seq` WRITE;
/*!40000 ALTER TABLE `users_seq` DISABLE KEYS */;
INSERT INTO `users_seq` VALUES (201);
/*!40000 ALTER TABLE `users_seq` ENABLE KEYS */;
UNLOCK TABLES;
/*!40103 SET TIME_ZONE=@OLD_TIME_ZONE */;

/*!40101 SET SQL_MODE=@OLD_SQL_MODE */;
/*!40014 SET FOREIGN_KEY_CHECKS=@OLD_FOREIGN_KEY_CHECKS */;
/*!40014 SET UNIQUE_CHECKS=@OLD_UNIQUE_CHECKS */;
/*!40101 SET CHARACTER_SET_CLIENT=@OLD_CHARACTER_SET_CLIENT */;
/*!40101 SET CHARACTER_SET_RESULTS=@OLD_CHARACTER_SET_RESULTS */;
/*!40101 SET COLLATION_CONNECTION=@OLD_COLLATION_CONNECTION */;
/*!40111 SET SQL_NOTES=@OLD_SQL_NOTES */;

-- Dump completed on 2023-12-07 21:18:36
